Changes made at Sat Aug  9 05:58:18 UTC 2025
Changes made at Thu Nov 20 14:17:17 UTC 2025
Changes made at Thu Nov 20 16:14:14 UTC 2025
Changes made at Fri Nov 21 08:16:16 UTC 2025
Changes made at Fri Nov 21 10:11:47 UTC 2025
Changes made at Fri Nov 21 14:11:01 UTC 2025
Changes made at Fri Nov 21 16:13:49 UTC 2025
Changes made at Sat Nov 22 08:13:52 UTC 2025
Changes made at Sat Nov 22 10:10:39 UTC 2025
Changes made at Sat Nov 22 14:09:11 UTC 2025
Changes made at Sat Nov 22 16:12:07 UTC 2025
Changes made at Sun Nov 23 08:13:46 UTC 2025
Changes made at Sun Nov 23 10:10:29 UTC 2025
Changes made at Sun Nov 23 14:09:19 UTC 2025
Changes made at Sun Nov 23 16:11:58 UTC 2025
Changes made at Mon Nov 24 08:16:55 UTC 2025
Changes made at Mon Nov 24 10:13:35 UTC 2025
